rank,title,year,country,genres,description
1,Побег из Шоушенка,1994,United States,Драма,"Неправомерно осужденный банкир на протяжении четверти века формирует близкую дружбу с закоренелым преступником, сохраняя при этом свою человечность благодаря простым проявлениям сострадания."
2,Крестный отец,1972,United States,"криминал, драма",Стареющий глава династии организованной преступности передает контроль над своей тайной империей своему сопротивляющемуся сыну.
3,Тёмный рыцарь,2008,United States,"Боевик, Криминал, Драма","Когда угроза, известная как Джокер, сеет хаос и хаос среди жителей Готэма, Бэтмен, Джеймс Гордон и Харви Дент должны работать вместе, чтобы положить конец безумию."
4,Крестный отец 2,1974,United States,"криминал, драма","Описаны ранние годы жизни и карьера Вито Корлеоне в Нью-Йорке 1920-х годов, в то время как его сын Майкл расширяет и ужесточает контроль над семейным преступным синдикатом."
5,12 разгневанных мужчин,1957,United States,"криминал, драма","Присяжные по делу об убийстве в Нью-Йорке разочарованы одним членом, чья скептическая осторожность заставляет их более тщательно рассматривать доказательства, прежде чем выносить поспешный вердикт."
6,Властелин колец: Возвращение короля,2003,New Zealand,"Приключения, Драма, Фэнтези","Гэндальф и Арагорн ведут Мир Людей против армии Саурона, чтобы отвлечь его взгляд от Фродо и Сэма, когда они приближаются к Роковой горе с Единым Кольцом."
7,Список Шиндлера,1993,United States,"Биография, Драма, История","В оккупированной немцами Польше во время Второй мировой войны промышленник Оскар Шиндлер постепенно начинает беспокоиться о своей еврейской рабочей силе после того, как стал свидетелем их преследования со стороны нацистов."
8,Властелин колец: Братство кольца,2001,New Zealand,"Приключения, Драма, Фэнтези","Кроткий хоббит из Шира и восемь его спутников отправляются в путешествие, чтобы уничтожить могущественное Единое Кольцо и спасти Средиземье от Темного Лорда Саурона."
9,Криминальное чтиво,1994,United States,"криминал, драма","Жизни двух наемных убийц, боксера, гангстера и его жены, а также пары бандитов из закусочной переплетаются в четырех историях о насилии и искуплении."
10,"Хороший, плохой, злой",1966,Italy,"приключения, драма, вестерн","Мошенничество с охотой за головами объединяет двух мужчин в непростой союз против третьего в гонке за сокровищами в золоте, похороненными на отдаленном кладбище."
11,Властелин колец: Две крепости,2002,New Zealand,"Приключения, Драма, Фэнтези","В то время как Фродо и Сэм приближаются к Мордору с помощью хитрого Голлума, разделенное сообщество противостоит новому союзнику Саурона, Саруману, и его ордам Изенгарда."
12,Форрест Гамп,1994,United States,"Драма, Романтика","История Соединенных Штатов с 1950-х по 70-е годы разворачивается с точки зрения жителя Алабамы с IQ 75, который жаждет воссоединения со своей возлюбленной детства."
13,Бойцовский клуб,1999,United States,"криминал, драма, триллер","Офисный работник, страдающий бессонницей, и наплевательский мыловар создают подпольный бойцовский клуб, который перерастает в нечто большее."
14,Начало,2010,United Kingdom,"Боевики, Приключения, Научная фантастика","Вору, который крадет корпоративные секреты с помощью технологии обмена мечтами, предстоит обратная задача: внедрить идею в сознание генерального директора, но его трагическое прошлое может обречь проект на провал...Читать полностью"
15,Звёздные войны: Эпизод 5 - Империя наносит ответный удар,1980,United States,"Боевик, Приключения, Фэнтези","После того, как Империя побеждает Альянс повстанцев, Люк Скайуокер начинает обучение у мастера-джедая Йоды, а Дарт Вейдер и охотник за головами Боба Фетт преследуют его друзей по всей галактике."
16,Матрица,1999,United States,"Боевик, Научная фантастика","Когда красивая незнакомка ведет компьютерного хакера Нео в неприступный преступный мир, он открывает шокирующую правду: жизнь, которую он знает, является тщательно продуманным обманом злого киберразведчика."
17,Славные парни,1990,United States,"Биография, криминал, драма","История Генри Хилла и его жизни в мафии, освещающая его отношения с женой Карен и партнерами по мафии Джимми Конвеем и Томми ДеВито."
18,Интерстеллар,2014,United States,"приключения, драма, научная фантастика","Когда в будущем Земля станет непригодной для жизни, фермеру и бывшему пилоту НАСА Джозефу Куперу поручается пилотировать космический корабль вместе с командой исследователей, чтобы найти новую планету для людей."
19,Пролетая над гнездом кукушки,1975,United States,Драма,"В 1963 году, штат Орегон, мятежного осужденного отправляют на обследование в психиатрическую больницу, и он призывает своих послушных товарищей лучше контролировать свою жизнь и бросить вызов тираническому начальнику...Читать полностью"
20,Семь,1995,United States,"криминал, драма, мистика","Два детектива пытаются выследить серийного убийцу, который выбирает жертв по мотивам «Семи смертных грехов»."
21,Эта замечательная жизнь,1946,United States,"Драма, Семейный, Фэнтези","Ангел послан с Небес, чтобы помочь отчаянно разочарованному бизнесмену осознать ценность своей жизни."
22,Молчание ягнят,1991,United States,"криминал, драма, ужасы","Молодой Ф.Б.И. Курсант должен получить помощь заключенного в тюрьму и манипулирующего убийцы-каннибала, чтобы помочь поймать другого серийного убийцу, сумасшедшего, который сдирает шкуру со своих жертв."
23,Семь самураев,1954,Japan,"Боевик, Драма","Фермеры из деревни, эксплуатируемой бандитами, нанимают для защиты опытного самурая, и он собирает к себе шесть других самураев."
24,Спасти рядового Райана,1998,United States,"Драма, Военный","После высадки в Нормандии группа американских солдат отправляется в тыл врага, чтобы забрать десантника, товарищи которого погибли в бою."
25,Зелёная миля,1999,United States,"криминал, драма, фэнтези","Охранник камеры смертников узнает, что находящийся под его опекой добрый великан обладает таинственным даром."
26,Город Бога,2002,Brazil,"криминал, драма","В трущобах Рио пути двух детей расходятся: один пытается стать фотографом, а другой — вором в законе."
27,Жизнь прекрасна,1997,Italy,"комедия, драма, романтика","Когда непредубежденный еврейский официант и его сын становятся жертвами Холокоста, он использует идеальное сочетание воли, юмора и воображения, чтобы защитить своего сына от опасностей вокруг их лагеря."
28,Терминатор 2: Судный день,1991,United States,"Боевики, Приключения, Научная фантастика","Киборг из будущего, идентичный тому, которому не удалось убить Сару Коннор, теперь должен защитить ее десятилетнего сына Джона от еще более продвинутого и могущественного киборга."
29,Звёздные войны,1977,United States,"Боевик, Приключения, Фэнтези","Фермерский мальчик объединяет усилия с различными союзниками, чтобы спасти свою галактику от разрушающей планеты боевой станции злой Империи, а также спасти принцессу, возглавляющую восстание против них."
30,Назад в будущее,1985,United States,"приключения, комедия, научная фантастика","Марти МакФлай, 17-летний ученик средней школы, случайно отправляется на 30 лет в прошлое на путешествующем во времени ДеЛореане, изобретенном его близким другом, ученым-индивидуалистом Доком Брауном."
31,Унесённые призраками,2001,Japan,"Анимация, Приключения, Семейный","Во время переезда своей семьи в пригород угрюмая 10-летняя девочка попадает в мир, которым правят боги, ведьмы и духи, и где люди превращаются в зверей."
32,Пианист,2002,France,"Биография, Драма, Музыка","Во время Второй мировой войны известный польский музыкант Владислав сталкивается с различными трудностями, поскольку теряет связь со своей семьей. Когда ситуация ухудшается, он прячется в руинах Варшавы, чтобы выжить."
33,Гладиатор,2000,United States,"Боевик, Приключения, Драма","Бывший римский генерал намеревается отомстить коррумпированному императору, который убил его семью и отправил его в рабство."
34,Паразиты,2019,South Korea,"Драма, Триллер",Жадность и классовая дискриминация угрожают вновь сформировавшимся симбиотическим отношениям между богатой семьей Пак и обездоленным кланом Кимов.
35,Могила светлячков,1988,Japan,"Анимация, Драма, Военный",Маленький мальчик и его младшая сестра борются за выживание в Японии во время Второй мировой войны.
36,Психо,1960,United States,"Драма, Ужасы, Мистика","Секретарь, скрывающийся от растраты, укрывается в уединенном калифорнийском мотеле, принадлежащем репрессированному мужчине и его властной матери."
37,Король лев,1994,United States,"Анимация, Приключения, Драма","Принц-лев Симба и его отец стали целью его ожесточенного дяди, который хочет сам взойти на трон."
38,Харакири,1962,Japan,"Драма, Мистика","Когда ронину, запрашивающему сеппуку во дворце феодала, рассказывают о жестоком самоубийстве другого ронина, который ранее посещал его, он раскрывает, как переплетено их прошлое - и при этом...Читать полностью"
39,Отступники,2006,United States,"криминал, драма, триллер","Полицейский под прикрытием и крот в полиции пытаются опознать друг друга, проникая в ирландскую банду в Южном Бостоне."
40,Убить Билла: Кровавое дело целиком,2004,United States,"Боевик, Криминал, Триллер","Женщина-убийца жаждет отомстить своему бывшему возлюбленному и членам отряда, которые оставили ее умирать."
41,Одержимость,2014,United States,"Драма, Музыка","Многообещающий молодой барабанщик поступает в музыкальную консерваторию, где его мечты о величии сопровождаются преподавателем, который не остановится ни перед чем, чтобы реализовать потенциал ученика."
42,Престиж,2006,United Kingdom,"Драма, Мистика, Научная фантастика","Два друга и коллеги-волшебника становятся заклятыми врагами после внезапной трагедии. Посвятив себя этому соперничеству, они приносят жертвы, которые приносят им славу, но с ужасными последствиями...Читать полностью"
43,Американская история Икс,1998,United States,"криминал, драма",Американец европейского происхождения выходит из тюрьмы и теперь стал другим человеком и надеется помешать своему младшему брату пойти по его стопам.
44,Леон,1994,France,"Боевик, Криминал, Драма","Когда ее семью убивает группа коррумпированных офицеров во главе с тираном Норманом Стэнсфилдом, 12-летняя девочка прибегает к помощи итальянско-американского киллера, чтобы отомстить."
45,Человек-паук: Паутина вселенных,2023,United States,"Анимация, Боевик, Приключения","Путешествуя по мультивселенной, Майлз Моралес встречает новую команду Людей-Пауков, состоящую из героев из разных измерений. Но когда герои спорят о том, как справиться с новой угрозой, М...Читать полностью"
46,Новый кинотеатр «Парадизо»,1988,Italy,"Драма, Романтика","Сальваторе, известный кинорежиссер, возвращается в свой родной город на похороны киномеханика местного театра Альфредо. Он вспоминает свою жизнь, когда мальчиком влюбился в...Читать полностью"
47,Касабланка,1942,United States,"Драма, Романтика, Военный","Циничный американский владелец кафе-эмигрант из Америки пытается решить, стоит ли помогать его бывшей возлюбленной и ее беглому мужу сбежать от нацистов во Французском Марокко."
48,1+1,2011,France,"Комедия, Драма","После того, как он стал парализованным из-за несчастного случая при полете на параплане, аристократ нанимает молодого человека из проекта в качестве его опекуна."
49,Подозрительные лица,1995,United States,"криминал, драма, мистика","Единственный выживший в перестрелке на пирсе рассказывает историю о том, как известный преступник повлиял на события, которые начались с того, что пять преступников встретились в, казалось бы, случайном порядке полицейских."
50,Чужой,1979,United Kingdom,"Ужасы, Научная фантастика","Расследуя загадочную передачу неизвестного происхождения, экипаж коммерческого космического корабля сталкивается со смертельной формой жизни."
51,Джанго освобождённый,2012,United States,"Драма, Вестерн",С помощью немецкого охотника за головами освобожденный раб намеревается спасти свою жену от жестокого владельца плантации в Миссисипи.
52,Окно во двор,1954,United States,"Драма, Мистика, Триллер","Скучающий фотограф, восстанавливающийся после перелома ноги, коротает время, наблюдая за своими соседями, и начинает подозревать одного из них в убийстве."
53,Новые времена,1936,United States,"комедия, драма, романтика",Бродяга изо всех сил пытается выжить в современном индустриальном обществе с помощью молодой бездомной женщины.
54,Однажды на Диком Западе,1968,Italy,"Драма, Вестерн","Таинственный незнакомец с губной гармошкой объединяется с известным отчаянным человеком, чтобы защитить прекрасную вдову и ее землю от безжалостного убийцы, нанятого железнодорожным магнатом."
55,Огни большого города,1931,United States,"комедия, драма, романтика","С помощью богатого и эксцентричного пьяницы бродяга с розовыми глазами, влюбившийся в слепую цветочницу, накапливает деньги, чтобы помочь ей с медицинской точки зрения."
56,Апокалипсис сегодня,1979,United States,"Драма, Мистика, Военный","Офицеру армии США, служащему во Вьетнаме, поручено убить полковника спецназа-отступника, который считает себя богом."
57,ВАЛЛ·И,2008,United States,"Анимация, Приключения, Семейный","Робот, который отвечает за очистку покрытой мусором Земли, встречает другого робота и влюбляется в нее. Вместе они отправляются в путешествие, которое изменит судьбу человечества."
58,Помни,2000,United States,"Драма, Мистика, Триллер","Бывший следователь страховой компании, страдающий антероградной амнезией, использует записи и татуировки, чтобы выследить убийцу своей жены."
59,Дюна: Часть вторая,2024,United States,"Боевик, Приключения, Драма","Пол Атрейдес объединяется с Свободными, находясь на тропе войны, чтобы отомстить заговорщикам, уничтожившим его семью. Перед выбором между любовью всей его жизни и судьбой Вселенной...Читать полностью"
60,Индиана Джонс: В поисках утраченного ковчега,1981,United States,"Боевики, Приключения","В 1936 году армейская разведка поручает археологу Индиане Джонсу помочь найти легендарную древнюю силу, Ковчег Завета, прежде чем нацисты захватят его первыми."
61,Мстители: Война бесконечности,2018,United States,"Боевики, Приключения, Научная фантастика","Мстители и их союзники должны быть готовы пожертвовать всем в попытке победить могущественного Таноса, прежде чем его разрушительная атака и разрушение положат конец вселенной."
62,Жизнь других,2006,Germany,"Драма, Мистика, Триллер","В 1984 году в Восточном Берлине агент тайной полиции, осуществляющий наблюдение за писателем и его возлюбленной, все больше погружается в их жизнь."
63,Человек-паук: Через Вселенные,2018,Canada,"Анимация, Боевик, Приключения","Подросток Майлз Моралес становится Человеком-Пауком своей вселенной и должен объединиться с пятью существами с силой пауков из других измерений, чтобы остановить угрозу для всех реальностей."
64,Сансет бульвар,1950,United States,"Драма, Фильм-Нуар","У сценариста завязываются опасные отношения с угасшей кинозвездой, намеревающейся триумфально вернуться."
65,Свидетель обвинения,1957,United States,"криминал, драма, мистика","Британский адвокат-ветеран должен защищать своего клиента в суде по делу об убийстве, которое преподносит сюрприз за сюрпризом."
66,Тропы славы,1957,United States,"Драма, Военный","Полковник защищает троих своих солдат перед военным трибуналом после того, как они отказались от самоубийственной атаки."
67,Сияние,1980,United Kingdom,"Драма, Ужасы","Семья направляется на зиму в изолированный отель, где зловещее присутствие вынуждает отца к насилию. В то же время его сын-экстрасенс видит ужасающие предчувствия от обоих...Читать полностью"
68,Великий диктатор,1940,United States,"комедия, драма, военный","Диктатор Аденоид Хинкель пытается расширить свою империю, в то время как бедный еврейский парикмахер пытается избежать преследований со стороны режима Хинкеля."
69,Бесславные ублюдки,2009,United States,"приключения, драма, военный",В оккупированной нацистами Франции во время Второй мировой войны план убийства нацистских лидеров группой американских солдат-евреев совпадает с мстительными планами владельца театра.
70,12-я неудача,2023,India,"Биография, Драма",Реальная история сотрудника IPS Маноджа Кумара Шармы и сотрудника IRS Шраддхи Джоши.
71,Чужие,1986,United Kingdom,"Боевик, Приключения, Ужасы","Спустя десятилетия после того, как она пережила инцидент в Ностромо, Эллен Рипли отправляется восстановить контакт с терраформирующей колонией, но ей приходится сражаться с Королевой Чужих и ее потомством."
72,Рай и ад,1963,Japan,"криминал, драма, мистика","Руководитель обувной компании в Иокогаме становится жертвой вымогательства, когда сына его шофера по ошибке похищают и удерживают с целью выкупа."
73,Умница Уилл Хантинг,1997,United States,"Драма, Романтика","Психотерапевт консультирует Уилла Хантинга, уборщика с гениальным IQ."
74,Мстители: Финал,2019,United States,"Боевики, Приключения, Научная фантастика","После разрушительных событий Мстители: Война бесконечности (2018) Вселенная лежит в руинах. С помощью оставшихся союзников Мстители снова собираются, чтобы обратить вспять действия Таноса...Читать полностью"
75,Тёмный рыцарь: Возрождение легенды,2012,United Kingdom,"Боевик, Криминал, Драма","Бэйн, внушительный террорист, нападает на Готэм-сити и нарушает восьмилетний период мира. Это вынуждает Брюса Уэйна выйти из укрытия и снова надеть плащ и капюшон Бэтмена."
76,Тайна Коко,2017,United States,"Анимация, Приключения, Драма","Начинающий музыкант Мигель, столкнувшись с наследственным запретом на музыку в своей семье, отправляется в Страну Мертвых, чтобы найти своего прапрадеда, легендарного певца."
77,Амадей,1984,United States,"Биография, Драма, Музыка",Жизнь и творчество Вольфганга Амадея Моцарта глазами его современника и соперника Антонио Сальери.
78,История игрушек,1995,United States,"Анимация, Приключения, Комедия","Ковбойская кукла очень завидует, когда новая фигурка космонавта вытесняет его в качестве главной игрушки в спальне мальчика. Когда обстоятельства разлучают их с хозяином, дуэту приходится...Читать все"
79,Твоё имя,2016,Japan,"Анимация, Драма, Фэнтези","Двое подростков разделяют глубокую магическую связь, когда обнаруживают, что меняются телами. Ситуация усложняется, когда мальчик и девочка решают встретиться лично."
80,Подводная лодка,1981,West Germany,"Драма, Военный","Немецкая подводная лодка бродит по холодным водам Северной Атлантики, а ее молодой экипаж испытывает настоящий ужас и клаустрофобную жизнь подводника во время Второй мировой войны."
81,Олдбой,2003,South Korea,"Боевик, Драма, Мистика","После похищения и заключения в тюрьму на пятнадцать лет О Дэ Су выходит на свободу только для того, чтобы обнаружить, что ему нужно выследить своего похитителя за пять дней."
82,Храброе сердце,1995,United States,"Биография, Драма, Военный","Шотландский воин Уильям Уоллес возглавляет восстание своих соотечественников, чтобы освободить свою родину от тирании короля Англии Эдуарда I."
83,Принцесса Мононоке,1997,Japan,"Анимация, Приключения, Фэнтези","Пытаясь исцелиться от проклятия, молодой воин Ашитака сталкивается с конфликтом между жителями Железного города и принцессой Мононоке, девушкой, воспитанной волками, которая не остановится ни перед чем...Читать полностью"
84,"Доктор Стрейнджлав, или Как я научился не волноваться и полюбил атомную бомбу",1964,United Kingdom,"комедия, военный","Психически неуравновешенный американский генерал приказывает нанести удар водородной бомбой по Советскому Союзу, открывая путь к глобальной ядерной катастрофе, от которой в ярости военная комната, полная политиков и генералов...Читать полностью"
85,Три идиота,2009,India,"Комедия, Драма","Двое друзей ищут своего давно потерянного спутника. Они вспоминают свои студенческие годы и вспоминают своего друга, который вдохновил их думать по-другому, даже несмотря на то, что остальные...Читать полностью"
86,Красота по-американски,1999,United States,Драма,"Сексуально неудовлетворенный отец из пригорода переживает кризис среднего возраста после того, как увлекся лучшей подругой своей дочери."
87,Проект «Конец света»,2026,United States,"приключения, комедия, научная фантастика","Учитель естественных наук просыпается один на космическом корабле. Когда к нему возвращается память, он узнает, что ему предстоит остановить загадочное вещество, убивающее Солнце Земли, и что неожиданная дружба может стать ...Читать все"
88,Капернаум,2018,Lebanon,Драма,"Отбывая пятилетний срок за насильственное преступление, 12-летний мальчик подает в суд на своих родителей за пренебрежение."
89,Поющие под дождем,1952,United States,"комедия, мюзикл, романтика","Звезда немого кино влюбляется в хористку в тот момент, когда он и его безумно ревнивая партнерша по экрану пытаются совершить трудный переход к говорящему кино в Голливуде 1920-х годов."
90,Джокер,2019,United States,"криминал, драма, триллер","Артур Флек, тусовочный клоун и неудавшийся стендап-комик, ведет бедную жизнь со своей больной матерью. Однако, когда общество избегает его и клеймит как уродца, он решает принять...Читать полностью"
91,Однажды в Америке,1984,Italy,"криминал, драма","Бывший еврейский гангстер времен сухого закона возвращается в Нижний Ист-Сайд Манхэттена 35 лет спустя, где ему снова приходится противостоять призракам и сожалениям своей старой жизни."
92,Звёздные войны: Эпизод 6 - Возвращение Джедая,1983,United States,"Боевик, Приключения, Фэнтези","После спасения Хана Соло от Джаббы Хатта Альянс повстанцев пытается уничтожить вторую Звезду Смерти, в то время как Люк изо всех сил пытается помочь Дарту Вейдеру вернуться с темной стороны."
93,Иди и смотри,1985,Soviet Union,"Драма, Триллер, Военный","Найдя старую винтовку, мальчик присоединяется к советскому движению сопротивления против безжалостных немецких войск и переживает ужасы Второй мировой войны."
94,Реквием по мечте,2000,United States,Драма,"Утопии четырех жителей Кони-Айленда, вызванные наркотиками, рушатся, когда их зависимость становится глубокой."
95,История игрушек: Большой побег,2010,United States,"Анимация, Приключения, Комедия","Игрушки по ошибке доставлены в детский сад, а не на чердак, прямо перед отъездом Энди в колледж, и Вуди предстоит убедить другие игрушки, что их не бросили...Читать полностью"
96,Жить,1952,Japan,Драма,"Бюрократ пытается найти смысл в своей жизни после того, как обнаруживает, что у него неизлечимая форма рака."
97,Охота,2012,Denmark,Драма,"Учитель живет одинокой жизнью, все время борясь за опеку над своим сыном. Его жизнь постепенно налаживается, поскольку он находит любовь и получает хорошие новости от сына, но его новая удача вот-вот...Читать полностью"
98,Пожары,2010,Canada,"Драма, Мистика, Военный","Близнецы отправляются на Ближний Восток, чтобы узнать историю своей семьи и исполнить последнюю волю своей матери."
99,Вечное сияние чистого разума,2004,United States,"Драма, Романтика, Научная фантастика","Когда их отношения портятся, пара проходит медицинскую процедуру, чтобы навсегда стереть друг друга из воспоминаний."
100,Квартира,1960,United States,"комедия, драма, романтика","Клерк страховой компании на Манхэттене пытается добиться успеха в своей компании, позволяя ее руководителям использовать его квартиру для свиданий, но офисная политика и его собственные романтические надежды усложняют ситуацию."
101,Лоуренс Аравийский,1962,United Kingdom,"приключения, биографический, драма","История Т.Е. Лоуренс, английский офицер, который успешно объединил и возглавил различные, часто враждующие арабские племена во время Первой мировой войны для борьбы с турками."
102,Схватка,1995,United States,"Боевик, Криминал, Драма","Группа высококлассных профессиональных воров начинает чувствовать накал страстей со стороны полиции Лос-Анджелеса, когда неосознанно оставляет словесную подсказку во время своего последнего ограбления."
103,Лицо со шрамом,1983,United States,"криминал, драма",В 1980-х годах решительный и криминально настроенный кубинский иммигрант становится крупнейшим контрабандистом наркотиков в Майами и в конечном итоге погибает из-за собственной наркозависимости.
104,2001 год: Космическая одиссея,1968,United Kingdom,"приключения, научная фантастика","Когда на Луне обнаруживают загадочный артефакт, космический корабль, пилотируемый двумя людьми и одним суперкомпьютером, отправляется на Юпитер, чтобы выяснить его происхождение."
105,Бешеные псы,1992,United States,"криминал, триллер","Когда простое ограбление ювелирных изделий идет не так, как надо, выжившие преступники начинают подозревать, что один из них - информатор полиции."
106,Вверх,2009,United States,"Анимация, Приключения, Комедия","78-летний Карл Фредриксен отправляется в Южную Америку в своем доме, оснащенном воздушными шарами, случайно прихватив с собой молодого безбилетного пассажира."
107,Двойная страховка,1944,United States,"криминал, драма, фильм-нуар","Недовольная домохозяйка втягивает представителя страховой компании в схему страхового мошенничества и убийства, вызывающую подозрения у его коллеги, следователя по претензиям."
108,На север через северо-запад,1959,United States,"приключения, драма, мистика","Менеджер по рекламе из Нью-Йорка бежит после того, как группа иностранных шпионов приняла его за правительственного агента, и влюбляется в женщину, в лояльности которой он начинает сомневаться."
109,Звёздочки на земле,2007,India,"Драма, Семейный","Маленького мальчика считают не чем иным, как ленивым нарушителем спокойствия, пока новому учителю рисования не хватит терпения и сострадания, чтобы обнаружить настоящую проблему, стоящую за его трудностями в школе."
110,Цельнометаллическая оболочка,1987,United Kingdom,"Драма, Военный","Прагматичный морской пехотинец США наблюдает за бесчеловечным воздействием войны во Вьетнаме на своих соратников-новобранцев, начиная с жестоких тренировок в учебном лагере и заканчивая кровавыми уличными боями в Хюэ."
111,М убийца,1931,Germany,"криминал, мистика, триллер","Когда полиции немецкого города не удается поймать детоубийцу, к розыску присоединяются другие преступники."
112,Амели,2001,France,"комедия, романтика","Несмотря на то, что молодая официантка Амели оказалась в плену своего воображаемого мира, она решает помочь людям обрести счастье. Ее стремление распространять радость приводит ее в путешествие, в котором она находит настоящую любовь."
113,Головокружение,1958,United States,"мистика, романтика, триллер","Бывший детектив полиции Сан-Франциско жонглирует борьбой со своими личными демонами и становится одержимым навязчиво красивой женщиной, которую его наняли выследить, и которая может быть глубоко рассержена...Читать полностью"
114,Гражданин Кейн,1941,United States,"Драма, Мистика",После смерти издательского магната Чарльза Фостера Кейна репортеры пытаются раскрыть смысл его последнего высказывания: «Бутон розы».
115,Развод Надера и Симин,2011,Iran,Драма,"Супружеская пара сталкивается с трудным решением – улучшить жизнь своего ребенка, переехав в другую страну, или остаться в Иране и присматривать за ухудшающимся родителем, больным болезнью Альжея...Читать полностью"
116,Крепкий орешек,1988,United States,"Боевик, Триллер","Полицейский из Нью-Йорка пытается спасти свою жену и еще нескольких человек, взятых в заложники террористами во время рождественской вечеринки в небоскребе Лос-Анджелеса."
117,Убить пересмешника,1962,United States,"криминал, драма","Овдовевший адвокат из Алабамы времен Великой депрессии защищает чернокожего мужчину от ложного обвинения в изнасиловании, одновременно рассказывая своим маленьким детям о печальной реальности предрассудков."
118,Индиана Джонс и последний крестовый поход,1989,United States,"Боевики, Приключения","В 1938 году, после того как его отец пропал без вести во время поисков Святого Грааля, Индиана Джонс снова сталкивается с нацистами, чтобы помешать им получить его силу."
119,Афера,1973,United States,"комедия, криминал, драма","Два мошенника объединяются, чтобы провернуть грандиозную аферу."
120,Заводной апельсин,1971,United Kingdom,"Криминал, Научная фантастика",Алекс ДеЛардж и его друзья варваризируют разлагающееся ближайшее будущее.
121,Метрополис,1927,Germany,"Драма, Научная фантастика","В футуристическом городе, резко разделенном между рабочим классом и градостроителями, сын городского вдохновителя влюбляется в пророка из рабочего класса, который предсказывает наступление...Читать полностью"
122,1917,2019,United Kingdom,"Боевик, Драма, Военный","6 апреля 1917 года. Пехотный батальон собирается для ведения войны в глубине вражеской территории. Двум солдатам поручено состязаться со временем и доставить сообщение, которое остановит 1600 человек...Читать полностью"
123,Большой куш,2000,United Kingdom,"комедия, криминал","Недобросовестные промоутеры бокса, жестокие букмекеры, русский гангстер, некомпетентные грабители-любители и якобы еврейские ювелиры борются за поиск бесценного украденного бриллианта."
124,Волк с Уолл-стрит,2013,United States,"Биография, Комедия, Криминал","Основан на реальной истории Джордана Белфорта, от его восхождения до богатого биржевого маклера, ведущего светскую жизнь, до его падения, связанного с преступностью, коррупцией и федеральным правительством."
125,Секреты Лос-Анджелеса,1997,United States,"криминал, драма, мистика","В 1950-х годах в Лос-Анджелесе растет коррупция, и трое полицейских – один сдержанный, один жестокий и один неряшливый – расследуют серию убийств, придерживаясь своего собственного принципа правосудия."
126,Бункер,2004,Germany,"Биография, Драма, История","Траудль Юнге, последний секретарь Адольфа Гитлера, рассказывает о последних днях нацистского диктатора в его берлинском бункере в конце Второй мировой войны."
127,Дангал,2016,India,"Боевик, Биография, Драма","Махавир Сингх Пхогат, бывший борец, решает осуществить свою мечту и выиграть золотую медаль для своей страны, готовя своих дочерей к Играм Содружества, несмотря на существующие социальные...Читать полностью"
128,Шоу Трумана,1998,United States,"Комедия, Драма","Продавец страховых услуг начинает подозревать, что вся его жизнь — это на самом деле какое-то реалити-шоу."
129,Похитители велосипедов,1948,Italy,Драма,"В послевоенной Италии у рабочего человека украли велосипед, что поставило под угрозу его попытки найти работу. Он и его сын отправились на его поиски."
130,Зеленая книга,2018,United States,"Биография, Комедия, Драма",Итало-американский вышибала из рабочего класса становится водителем афроамериканского классического пианиста во время тура по югу Америки 1960-х годов.
131,Оппенгеймер,2023,United States,"Биография, Драма, История","Инсценировка истории жизни Дж. Роберта Оппенгеймера, физика, приложившего большое внимание к созданию атомной бомбы, положившей конец Второй мировой войне."
132,Остров проклятых,2010,Canada,"Драма, Мистика, Триллер","Два маршала США отправляются в психиатрическую больницу на негостеприимном острове, чтобы расследовать исчезновение пациента."
133,Нюрнбергский процесс,1961,United States,"Драма, История, Военный","Вымышленное изображение Судебного процесса 1947 года, третьего из 12 судебных процессов над нацистскими военными преступниками, проведенных американскими оккупационными силами в Нюрнберге, Германия, на котором бывшие судьи На...Читать полностью"
134,Бэтмен: Начало,2005,United States,"Боевик, Криминал, Драма","Став свидетелем смерти своих родителей, миллиардер Брюс Уэйн учится искусству борьбы с несправедливостью. Когда он возвращается в Готэм в роли Бэтмена, ему предстоит остановить тайное общество, которое намеревается...Читать все"
135,Я ругаюсь,2025,United Kingdom,"Биография, Драма","Джон Дэвидсон: в молодом возрасте у него диагностировали синдром Туретта, который оттолкнул его от сверстников. Он боролся с заболеванием, свидетелями которого были немногие."
136,Гамильтон,2020,United States,"Биография, Драма, История",Реальная жизнь одного из выдающихся отцов-основателей Америки и первого министра финансов Александра Гамильтона. Записано в прямом эфире на Бродвее из театра Ричарда Роджерса с оригинальной...Читать полностью
137,На несколько долларов больше,1965,Italy,"Драма, Вестерн","Два наемных убийцы со схожими намерениями, но разными мотивами объединяются, чтобы уничтожить психотического мексиканского преступника, прежде чем он и его банда смогут совершить дерзкое ограбление банка."
138,Парк юрского периода,1993,United States,"Боевики, Приключения, Научная фантастика","Промышленник приглашает экспертов посетить свой тематический парк клонированных динозавров. После сбоя в электроснабжении существа выбегают на свободу, подвергая жизни всех, включая его внуков...Читать полностью"
139,Таксист,1976,United States,"криминал, драма","Психически неуравновешенный ветеран работает ночным таксистом в Нью-Йорке, где воспринимаемый упадок и подлость подпитывают его стремление к насильственным действиям."
140,В джазе только девушки,1959,United States,"комедия, музыка, романтика","После того, как двое музыкантов-мужчин стали свидетелями нападения мафии, они бегут из штата в составе женской группы, замаскированной под женщин, но начинаются дальнейшие осложнения."
141,Нефть,2007,United States,Драма,"История семьи, религии, ненависти, нефти и безумия, рассказывающая о старателе начала века, на заре своего бизнеса."
142,Отец,2020,United Kingdom,"Драма, Мистика","С возрастом мужчина отказывается от любой помощи со стороны своей дочери. Когда он пытается понять, что происходит вокруг него, он начинает сомневаться в своих близких, собственном разуме и даже в самой структуре своего...Читать полностью"
143,Малыш,1921,United States,"Комедия, Драма, Семейный","Бродяга заботится о брошенном ребенке, но события ставят их отношения под угрозу."
144,Всё о Еве,1950,United States,Драма,"На первый взгляд робкая, но втайне безжалостная инженю вторгается в жизнь стареющей звезды Бродвея и ее круга друзей по театру."
145,Шестое чувство,1999,United States,"Драма, Мистика, Триллер","Детский психолог из Филадельфии, застреленный обиженным бывшим пациентом, которому он не смог помочь, пытается искупить свою вину, рассказывая маленькому мальчику тревожную тайну."
146,Ран,1985,Japan,"Боевик, Драма, Военный","В средневековой Японии пожилой военачальник уходит в отставку, передавая свою империю трем сыновьям. Однако он сильно недооценивает, как новообретенная власть развратит их и заставит отвернуться...Читать полностью"
147,Казино,1995,United States,"криминал, драма",В Лас-Вегасе два лучших друга — руководитель казино и боевик мафии — соревнуются за империю азартных игр и быстроживущую и любящую светскую львицу.
148,Старикам тут не место,2007,United States,"криминал, драма, триллер","Насилие и хаос возникают после того, как охотник натыкается на последствия неудачной сделки с наркотиками и более двух миллионов долларов наличными недалеко от Рио-Гранде."
149,Нечто,1982,United States,"Ужасы, Мистика, Научная фантастика","На исследовательскую группу в Антарктиде охотится инопланетянин, меняющий форму, принимающий облик своих жертв."
150,Пленницы,2013,United States,"криминал, драма, мистика","Отчаявшийся отец берет правосудие в свои руки после того, как полиции не удалось найти двух похищенных девочек."
151,Топ Ган: Мэверик,2022,United States,"Боевик, Драма","История рассказывает о том, как Мэверик сталкивается со своим прошлым, обучая группу молодых выпускников Top Gun, включая сына его покойного лучшего друга, для опасной миссии."
152,Убить Билла. Фильм 1,2003,United States,"Боевик, Криминал, Триллер","Очнувшись от четырехлетней комы, бывшая убийца мстит предавшей ее команде убийц."
153,Лабиринт Фавна,2006,Mexico,"Драма, Фэнтези, Военный","В 1944 году во франкистской Испании молодая девушка с богатым воображением встречает фавна, который говорит ей, что она принцесса и что она должна доказать свою ценность, выполнив три опасных задания."
154,Непрощенный,1992,United States,"Драма, Вестерн","Отставной стрелок с Дикого Запада Уилл Манни неохотно берется за последнюю работу, чтобы отомстить за несправедливость с помощью своего старого партнера и молодого потенциального боевика, называющего себя «Шофилд Ки...Читать полностью"
155,Атака Титанов. Последняя Атака,2024,Japan,"Анимация, Боевик, Приключения","Судьба мира висит на волоске, когда Эрен высвобождает величайшую силу Титанов. С пылкой решимостью уничтожить всех, кто угрожает Элдии, он возглавляет неудержимую армию...Читать все"
156,Игры разума,2001,United States,"биография, драма, мистика","Математический гений, Джон Нэш сделал удивительное открытие в начале своей карьеры и оказался на пороге международного признания. Но вскоре Нэш оказался на мучительном пути к самому себе...Читать полностью"
157,Ходячий замок,2004,Japan,"Анимация, Приключения, Семейный","Когда злобная ведьма навязывает неуверенную в себе молодую женщину проклятием старого тела, ее единственный шанс разрушить чары остается у снисходительного, но неуверенного в себе молодого волшебника и его товарищей...Читать полностью"
158,Сокровища Сьерра Мадре,1948,United States,"приключения, драма, вестерн","Двое неудавшихся американцев, ищущих работу в Мексике 1920-х годов, убеждают старого старателя помочь им добывать золото в горах Сьерра-Мадре."
159,В поисках Немо,2003,United States,"Анимация, Приключения, Комедия","После того, как его сына поймали на Большом Барьерном рифе и доставили в Сидней, робкая рыба-клоун отправляется в путешествие, чтобы вернуть его домой."
160,Клаус,2019,Spain,"Анимация, Приключения, Комедия","Простой добрый поступок всегда вызывает другой, даже в холодном, далеком месте. Когда новый почтальон Смеренсбурга Джеспер подружился с мастером игрушек Клаусом, их подарки расплавляют вековую вражду и доставляют...Читать полностью"
161,Телохранитель,1961,Japan,"Боевик, Драма, Триллер","Коварный ронин приезжает в город, разделенный двумя преступными группировками, и решает натравить их друг на друга, чтобы освободить город."
162,Большой побег,1963,United States,"приключения, драма, триллер","Офицеры союзников в немецком лагере для военнопленных во время Второй мировой войны разрабатывают смелый план массового побега сотен военнопленных, надеясь отвлечь немецкий персонал и ресурсы от боевых действий...Читать полностью"
163,Человек-слон,1980,United States,"Биография, Драма","Хирург викторианской эпохи спасает сильно изуродованного и подвергшегося жестокому обращению молодого человека, работающего в качестве уродца, который постепенно раскрывает свою способность к доброте, уму и утонченности."
164,Монти Пайтон и священный Грааль,1975,United Kingdom,"приключения, комедия, фэнтези","Король Артур и его рыцари Круглого стола отправляются в сюрреалистический малобюджетный поиск Святого Грааля, сталкиваясь со множеством очень глупых препятствий."
165,В случае убийства набирайте «М»,1954,United States,"криминал, драма, мистика",Лондонский плейбой замышляет идеальное убийство своей богатой неверной жены.
166,Истребитель демонов: Бесконечная крепость,2025,Japan,"Анимация, Боевик, Приключения","Отряд Убийц Демонов втягивается в Бесконечный Замок, где Танджиро и Хашира сталкиваются с ужасающими демонами высшего ранга в отчаянной битве, поскольку финальная битва против Музана Кибуцудзи будет...Читать полностью"
167,Лучшие из молодых,2003,Italy,"Драма, Романтика","Итальянский эпос, рассказывающий о жизни двух братьев с 1960-х по 2000-е годы."
168,Тайна в его глазах,2009,Argentina,"Драма, Мистика, Романтика","Юрисконсульт на пенсии пишет роман, надеясь найти решение одного из своих прошлых нераскрытых дел об убийстве и своей безответной любви к своему начальнику - и то, и другое до сих пор не дает ему покоя...Читать полностью"
169,Унесенные ветром,1939,United States,"Драма, Романтика, Военный","Защищенная и манипулятивная южная красавица и мошенник-спекулянт встречаются в бурном романе, в то время как общество вокруг них рушится с окончанием рабства и восстанавливается во время Гражданской войны...Читать полностью"
170,"Карты, деньги, два ствола",1998,United Kingdom,"комедия, криминал","Когда четверо мелких преступников проигрывают в сфальсифицированной игре в покер против лондонского вора в законе, он дает им неделю на погашение огромного долга."
171,Китайский квартал,1974,United States,"Драма, Мистика, Триллер","Частный детектив, нанятый для разоблачения прелюбодея в Лос-Анджелесе 1930-х годов, оказывается в паутине обмана, коррупции и убийств."
172,«V» значит Вендетта,2005,United States,"Боевик, Драма, Научная фантастика","Молодая женщина, живущая в антиутопическом обществе, встречает призрачного борца за свободу, который замышляет свергнуть тираническое правительство."
173,"Поймай меня, если сможешь",2002,United States,"Биография, криминал, драма","Фрэнку едва исполнилось 17, он опытный фальсификатор, прошедший карьеру врача, юриста и пилота. Агент ФБР Карл становится одержим идеей выследить мошенника, который только упивается преследованием."
174,Головоломка,2015,United States,"Анимация, Приключения, Комедия","После того, как юная Райли вырвалась из своей жизни на Среднем Западе и переехала в Сан-Франциско, ее эмоции: радость, страх, гнев, отвращение и печаль - конфликтуют в отношении того, как лучше всего ориентироваться в новом городе, доме и ...Прочитать все"
175,Расёмон,1950,Japan,"криминал, драма, мистика",У трёх сторон и свидетеля есть четыре версии изнасилования/убийства в Японии девятого века.
176,"Три билборда на границе Эббинга, Миссури",2017,United Kingdom,"комедия, криминал, драма","Мать лично бросает вызов местным властям раскрыть убийство ее дочери, когда им не удается поймать преступника."
177,На игле,1996,United Kingdom,"криминал, драма","Рентон, глубоко погруженный в наркосцену Эдинбурга, пытается очиститься и уйти, несмотря на привлекательность наркотиков и влияние друзей."
178,Мост через реку Квай,1957,United Kingdom,"приключения, драма, военный","Британские военнопленные вынуждены построить железнодорожный мост через реку Квай для своих японских захватчиков в оккупированной Бирме, не зная, что союзные войска планируют дерзкий десантный рейд...Читать полностью"
179,Общество мёртвых поэтов,1989,United States,"Комедия, Драма","Учитель Maverick Джон Китинг возвращается в 1959 году в престижную школу-интернат для мальчиков Новой Англии, где он когда-то был лучшим учеником, и с помощью стихов вдохновляет своих учеников на новые высоты самолюбия...Читать полностью"
180,Гарри Поттер и Дары смерти: Часть II,2011,United Kingdom,"Приключение, Семейный, Фэнтези","Гарри, Рон и Гермиона отправились на поиски оставшихся крестражей. С другой стороны, ученики и преподаватели должны объединиться, чтобы защитить Хогвартс от Лорда Волан-де-Морта и его руки...Читать полностью"
181,Дикий робот,2024,United States,"Анимация, Приключения, Семейный","Разумный робот, застрявший на необитаемом острове, воспитывает осиротевшего гусенка, пытаясь приспособиться к местной дикой природе."
182,Воин,2011,United States,"Боевик, Драма, Спорт","Младший сын бывшего боксера-алкоголика возвращается домой, где его отец тренирует его для участия в турнире по смешанным единоборствам - путь, который ставит бойца на столкновение...Читать полностью"
183,Барри Линдон,1975,United Kingdom,"приключения, драма, военный",Ирландский мошенник покоряет сердце богатой вдовы и занимает аристократическое положение ее покойного мужа в Англии XVIII века.
184,Бен-Гур,1959,United States,"приключения, драма","Еврейский принц предан и отправлен в рабство римским другом в Иерусалиме I века, но вскоре он вновь обретает свободу и возвращается, чтобы отомстить."
185,Фарго,1996,United Kingdom,"криминал, драма, триллер","Неумелое преступление продавца автомобилей из Миннесоты Джерри Лундегаарда разваливается из-за неумелых действий его и его приспешников, а также настойчивой полицейской работы довольно беременной Мардж Гандерсон."
186,Малышка на миллион,2004,United States,"Драма, Спорт","Фрэнки, старый вспыльчивый тренер, неохотно соглашается тренировать начинающую боксершу Мэгги. Впечатленный ее решимостью и талантом, он помогает ей стать лучшей, и вскоре они становятся близкими друзьями...Читать полностью"
187,Безумный Макс: Дорога ярости,2015,Australia,"Боевики, Приключения, Научная фантастика","В постапокалиптической пустоши женщина восстает против тирана-правителя в поисках своей родины с помощью группы женщин-заключенных, поклонницы-психопатки и бродяги по имени ...Читать полностью"
188,Бешеный бык,1980,United States,"Биография, Драма, Спорт","Жизнь боксера Джейка Ламотты, чья жестокость и вспыльчивость, приведшие его к вершине ринга, разрушили его жизнь за его пределами."
189,По соображениям совести,2016,United States,"Биография, Драма, История","Медик американской армии времен Второй мировой войны Десмонд Т. Досс, участвовавший во время битвы за Окинаву, отказывается убивать людей и становится первым человеком в американской истории, получившим Почетную медаль с...Читать полностью"
190,Дети небес,1997,Iran,"Драма, Семейный, Спорт","После того, как мальчик теряет пару туфель своей сестры, он отправляется в серию приключений, чтобы их найти. Когда у него это не получается, он пробует новый способ «выиграть» новую пару."
191,Мой сосед Тоторо,1988,Japan,"Анимация, Приключения, Комедия","Когда две девочки переезжают в деревню, чтобы быть рядом со своей больной матерью, их ждут приключения с чудесными лесными духами, живущими неподалеку."
192,Гран Торино,2008,Germany,Драма,"После того, как подросток-хмонг пытается украсть его ценный Гран Торино 1972 года, недовольный и предвзятый ветеран Корейской войны пытается искупить и мальчика, и себя."
193,Рататуй,2007,United States,"Анимация, Приключения, Комедия","Крыса, умеющая готовить, заключает необычный союз с молодым работником кухни известного парижского ресторана."
194,12 лет рабства,2013,United Kingdom,"Биография, Драма, История","В довоенных Соединенных Штатах Соломона Нортапа, свободного чернокожего мужчину из северной части штата Нью-Йорк, похищают и продают в рабство."
195,Отель «Гранд Будапешт»,2014,United States,"Комедия, Драма","Писатель встречает владельца стареющего высококлассного отеля, который рассказывает ему о своих первых годах работы в вестибюле в славные годы отеля под руководством исключительного консьержа."
196,Перед рассветом,1995,United States,"комедия, драма, романтика","Молодой мужчина и женщина встречаются в поезде в Европе и проводят вместе один вечер в Вене. К сожалению, оба знают, что, вероятно, это будет их единственная ночь вместе."
197,Возмутительный класс не прошёл экзамен,1975,Turkey,Комедия,"Группа студентов провалила экзамены и должна вернуться еще на год. Их всех отвлекает новая молодая учительница, на которой они пробуют свои обычные трюки."
198,Воспоминания об убийстве,2003,South Korea,"криминал, драма, мистика","В небольшой корейской провинции в 1986 году два детектива расследуют дело о том, что несколько молодых женщин были найдены изнасилованными и убитыми неизвестным преступником."
199,Как приручить дракона,2010,United States,"Анимация, Боевик, Приключения","Незадачливый молодой викинг, который мечтает охотиться на драконов, сам становится маловероятным другом молодого дракона и узнает, что эти существа могут быть чем-то большим, чем он предполагал."
200,Бегущий по лезвию,1982,United States,"Боевик, Драма, Научная фантастика","Бегущий по лезвию должен преследовать и уничтожить четырех репликантов, которые украли корабль в космосе и вернулись на Землю, чтобы найти своего создателя."
201,Исчезнувшая,2014,United States,"Драма, Мистика, Триллер",Муж пропавшей женщины становится главным подозреваемым в ее исчезновении.
202,Человек-паук: Нет пути домой,2021,United States,"Боевик, Приключения, Фэнтези","Теперь, когда личность Человека-паука раскрыта, Питер просит Доктора Стрэнджа о помощи. Когда заклинание идет не так, начинают появляться опасные враги из других миров."
203,Корпорация монстров,2001,United States,"Анимация, Приключения, Комедия","Чтобы обеспечить город энергией, монстрам приходится пугать детей так, чтобы они кричали. Однако дети токсичны для монстров, и после того, как ребенок проходит, два монстра кое-что осознают...Читать полностью"
204,Челюсти,1975,United States,"приключения, драма, ужасы","Когда огромная акула-убийца сеет хаос на пляже недалеко от Лонг-Айленда, шеф местной полиции, морской биолог и старый моряк должны выследить зверя."
205,Ford против Ferrari,2019,United States,"Боевик, Биография, Драма","Американский автомобильный дизайнер Кэрролл Шелби и водитель Кен Майлз борются с корпоративным вмешательством и законами физики, чтобы построить революционный гоночный автомобиль для Ford и победить Ferrari на 2-м этапе...Читать полностью"
206,Во имя отца,1993,Ireland,"Биография, криминал, драма","Вынужденное признание ирландца перед ИРА. взрывов он не совершал, что привело и к тюремному заключению его отца. Тем временем британский адвокат борется за то, чтобы очистить свои имена и освободить...Читать полностью"
207,Дикие истории,2014,Argentina,"комедия, драма, триллер","Шесть рассказов, в которых исследуются крайности человеческого поведения с участием людей, попавших в беду."
208,Золотая лихорадка,1925,United States,"приключения, комедия, драма","Старатель отправляется на Клондайк во время золотой лихорадки 1890-х годов в надежде разбогатеть и влюбляется в девушку, которую видит в танцевальном зале."
209,Шерлок младший,1924,United States,"Боевик, Комедия, Романтика","Киномеханик мечтает стать детективом и применяет свои скудные навыки, когда соперник обвиняет его в краже карманных часов отца его девушки."
210,Мэри и Макс,2009,Australia,"Анимация, Комедия, Драма","В 1976 году в Мельбурне одинокая 8-летняя девочка завязывает переписку с маловероятным другом по переписке: 44-летним жителем Нью-Йорка, страдающим ожирением и синдромом Аспергера."
211,Охотник на оленей,1978,United States,"Драма, Военный",Жизнь группы друзей навсегда изменилась из-за войны во Вьетнаме.
212,Плата за страх,1953,France,"приключения, драма, триллер","В ветхой южноамериканской деревне четверо мужчин нанимаются для перевозки срочной партии нитроглицерина без оборудования, которое могло бы сделать ее безопасной."
213,Паровоз Генерал,1926,United States,"Боевик, Приключения, Комедия","Будучи отвергнутым военными Конфедерации, инженер, не осознавая, что это произошло из-за его решающей гражданской роли, должен в одиночку вернуть свой любимый локомотив после того, как он был конфискован...Читать полностью"
214,Логан,2017,United States,"Боевик, Драма, Научная фантастика","В будущем, где мутанты практически вымерли, пожилой и уставший Логан ведет тихую жизнь. Но когда к нему за помощью приходит Лора, ребенок-мутант, преследуемый учеными, он должен заставить ее...Читать полностью"
215,Рокки,1976,United States,"Драма, Спорт","Маленький боксер из Филадельфии получает чрезвычайно редкий шанс сразиться с чемпионом мира в тяжелом весе в бою, в котором он стремится пройти дистанцию ​​ради своего самоуважения."
216,Мистер Смит едет в Вашингтон,1939,United States,"Комедия, Драма","Наивный молодежный лидер назначен на вакансию в Сенате США. Его идеалистические планы тут же сталкиваются с коррупцией внутри страны и уловками его героя в Вашингтоне, но он пытается...Читать полностью"
217,Пираты Карибского моря: Проклятие Чёрной жемчужины,2003,United States,"Боевик, Приключения, Фэнтези","Бесстрашный кузнец объединяется с эксцентричным пиратским капитаном, чтобы спасти свою возлюбленную от пиратской команды-нежити."
218,Токийская повесть,1953,Japan,Драма,"Пожилая пара навещает своих детей и внуков в городе, но уделяет им мало внимания."
219,В порту,1954,United States,"криминал, драма, триллер","Бывший боец, ставший грузчиком в Нью-Джерси, изо всех сил пытается противостоять своим коррумпированным профсоюзным боссам, включая старшего брата, и начинает общаться со скорбящей сестрой одного из ...Читать полностью"
220,Форма голоса,2016,Japan,"Анимация, Драма","Глухая девочка Сёко подвергается издевательствам со стороны популярного Сёя. Пока Сёя продолжает запугивать Сёко, класс отворачивается от него. Шоко переезжает, и Сёя растет изгоем. Одинокий и подавленный...Читать все"
221,Ненависть,1995,France,"криминал, драма",24 часа из жизни трех молодых людей во французском пригороде на следующий день после жестоких беспорядков.
222,В центре внимания,2015,United States,"Биография, криминал, драма","Правдивая история о том, как газета Boston Globe раскрыла масштабный скандал, связанный с растлением детей и сокрытием информации в местной католической архиепархии, потрясший всю католическую церковь до основания."
223,Земляничная поляна,1957,Sweden,"Драма, Романтика","Прожив жизнь, отмеченную холодом, стареющий профессор вынужден столкнуться с пустотой своего существования."
224,Терминатор,1984,United Kingdom,"Боевики, Приключения, Научная фантастика","Киборг-убийца из будущего пытается найти и убить молодую женщину, которой суждено родить воина, который возглавит сопротивление, чтобы спасти человечество от вымирания."
225,Да прольётся свет,2021,India,"криминал, драма","Когда мужчину из племени арестовывают по делу о предполагаемой краже, его жена обращается к адвокату по правам человека, чтобы помочь восстановить справедливость."
226,Звуки музыки,1965,United States,"Биография, Драма, Семейный","Юную послушницу отправляют из монастыря в Австрию 1930-х годов, чтобы она стала гувернанткой у семерых детей овдовевшего военно-морского офицера."
227,Махараджа,2024,India,"Боевик, Криминал, Драма","Парикмахер жаждет отомстить после ограбления его дома, загадочно сообщая полиции, что его «лакшми» украли, в результате чего они не уверены, человек это или предмет. Его стремление вернуть электронную...Читать полностью"
228,Третий человек,1949,United Kingdom,"Драма, Нуар, Мистика","Криминальный романист Холли Мартинс отправляется в мрачную, загадочную послевоенную Вену только для того, чтобы расследовать загадочную внезапную смерть старого друга Гарри Лайма."
229,Человек-бензопила. Фильм: История Резе,2025,Japan,"Анимация, Боевик, Приключения","Прямое продолжение первого сезона сериала «Человек с бензопилой», в котором рассказывается о Денджи, молодом человеке, который сосуществует с демоном бензопилой. У Денджи появляется новый романтический интерес, но будет ли его приглашен...Читать полностью"
230,Большой Лебовски,1998,United Kingdom,"комедия, криминал","Джефф «Чувак» Лебовски, которого ошибочно принимают за одноименного миллионера, добивается возмещения ущерба за свой испорченный ковер и просит своих друзей по боулингу помочь его получить."
231,Лучшие годы нашей жизни,1946,United States,"Драма, Романтика, Военный","Трое ветеранов Великой Отечественной войны возвращаются домой навсегда изменившимися, и им трудно приспособиться к новым реалиям."
232,Перед закатом,2004,United States,"Драма, Романтика",Через девять лет после первой встречи Джесси и Селин они снова встречаются во время французского книжного тура Джесси.
233,Седьмая печать,1957,Sweden,"Драма, Фэнтези","Рыцарь, возвращающийся в Швецию после крестовых походов, ищет ответы о жизни, смерти и существовании Бога, играя в шахматы против Мрачного Жнеца во время Черной чумы."
234,Комната,2015,Ireland,"Драма, Триллер","Маленький мальчик с самого рождения находится в плену в комнате со своей матерью, поэтому он никогда не познавал внешний мир."
235,Отель «Руанда»,2004,United States,"Биография, Драма, История","Пол Русесабагина, менеджер отеля, размещает более тысячи беженцев тутси во время их борьбы с ополчением хуту в Руанде, Африка."
236,Суперсемейка,2004,United States,"Анимация, Боевик, Приключения","Пытаясь вести тихую загородную жизнь, семья супергероев под прикрытием вынуждена действовать, чтобы спасти мир."
237,Взвод,1986,United States,"Драма, Военный","Крис Тейлор, новобранец-новичок во Вьетнаме, оказывается втянутым в битву воли между двумя сержантами, добрыми и злыми. Проницательное исследование жестокости войны и...Читать полностью"
238,Хатико: самый верный друг,2009,United Kingdom,"Биография, Драма, Семейный","Профессор Уилсон по пути домой обнаруживает потерявшегося щенка Акиты. Несмотря на возражения жены, Хачи вызывает расположение семьи и становится верным товарищем Паркера. Поскольку их связь г...Читать все"
239,Изгоняющий дьявола,1973,United States,Ужас,"Когда загадочная сущность вселяется в юную девушку, ее мать обращается за помощью к двум католическим священникам, чтобы спасти ей жизнь."
240,Гонка,2013,United Kingdom,"Биография, Драма, Спорт","Джеймс Хант и Ники Лауда, два чрезвычайно опытных гонщика Формулы-1, ведут острую конкуренцию друг с другом. Однако именно их враждебность доводит их до предела."
241,Стальной гигант,1999,United States,"Анимация, Боевик, Приключения","Маленький мальчик дружит с гигантским роботом из космоса, которого параноидальный правительственный агент хочет уничтожить."
242,Волшебник страны Оз,1939,United States,"Приключение, Семейный, Фэнтези","Юную Дороти Гейл и ее собаку Тото уносит торнадо с их фермы в Канзасе в волшебную Страну Оз, и они вместе с тремя новыми друзьями отправляются на поиски, чтобы увидеть Волшебника, который сможет вернуться...Читать полностью"
243,Останься со мной,1986,United States,"приключения, драма","Писатель рассказывает о своем детском путешествии с друзьями, чтобы увидеть тело мальчика, пропавшего в лесу."
244,Мой отец и мой сын,2005,Turkey,"Драма, Семейный",Семья левого журналиста разлучена после военного переворота в Турции в 1980 году.
245,Битва за Алжир,1966,Italy,"Драма, Военный","В 1950-е годы страх и насилие возрастают по мере того, как жители Алжира борются за независимость от французского правительства."
246,Страсти Жанны д'Арк,1928,France,"Биография, Драма, История","В 1431 году Жанну д'Арк предстают перед судом по обвинению в ереси, и церковные юристы пытаются заставить ее отказаться от своих утверждений о святых видениях."
247,Служанка,2016,South Korea,"драма, романтика, триллер","В Корее 1930-х годов девушку нанимают служанкой к японской наследнице, которая ведет уединенную жизнь в загородном поместье. Но у горничной есть секрет: она карманница, завербованная мошенничеством...Читать полностью"
248,Телесеть,1976,United States,Драма,"Телевизионная сеть цинично использует бред и разоблачения невменяемого бывшего ведущего о средствах массовой информации для собственной выгоды, но обнаруживает, что его послание может быть трудно контролировать."
249,Видимость,2015,India,"криминал, драма, мистика","Отчаянные меры принимает мужчина, который пытается спасти свою семью от темной стороны закона после того, как они совершают неожиданное преступление."
250,Чудо в камере No7,2019,Turkey,Драма,"История любви психически больного отца, ошибочно обвиненного в убийстве, и его очаровательной шестилетней дочери. Тюрьма станет их домом. По мотивам корейского фильма 2013 года «Чудо в камере» ...Читать полностью"
251,Раиса,2019,Россия,"короткометражка, документальный, биография","История Раисы Иманалиевой, которая полностью утратила зрение после череды жизненных потрясений и вновь обрела его спустя 20 лет."
252,The Long Road to War,2018,Сербия,документальный,
253,Meurtres en pays d'Oléron,2018,Франция,криминал,
254,Портрет,2018,Россия,короткометражка,"Девушка фотограф Саша снимает портреты людей, которым изменяли близкие. Участие в съемках её подруги Юли меняет планы Саши."
255,Triana pura y dura,2013,Испания,"документальный, музыка",
256,Meurtres en Auvergne,2017,"Франция, Бельгия","драма, криминал",
257,Schattenwelt BND - Wieviel Geheimdienst braucht Deutschland?,2016,Германия,документальный,
258,Техновинтаж на продажу,2018,Канада,реальное ТВ,"Коллекционеры ретро-техники Бохус и Шоне превращают свою одержимость малоизвестными технологиями в процветающий и прибыльный бизнес. Они постоянно ищут редкие и ностальгические технологии, потому что для правильного коллекционера эти вещи стоят целое состояние. От оригинальных Nintendo Gameboy, продающихся за сотни долларов, до сверхредких компьютерных чипов из телескопа «Хаббл», стоящих миллионы, — Бо и Шон хотят найти всё это."
259,Звериный инстинкт,2018,"Франция, Япония",документальный,"Рассказ о жизни и повадках мандрила, гепарда и сельдяного короля, которые находятся на грани исчезновения и встречаются в природе всё реже."
260,Clash-A-Rama!,2014,США,"мультфильм, фэнтези, боевик, комедия, приключения",
261,Эмуляторы,2012,Россия,ток-шоу,Ведущие шоу Континуум и Селект снимают обзоры старых игр. Но грань между реальным и виртуальным миром внезапно стирается.
262,Чёрные вдовы: Шлюхи и аферистки,2025,Аргентина,комедия,"Две профессиональные воровки и мошенницы, которые раньше были подругами и грабили мужчин, уже давно не общаются. Более того, сейчас они ненавидят друг друга, но ради новой миссии им приходится забыть былые обиды и объединиться, что провернуть обман, который сулит невиданный заработок."
263,Máscaras de Oxigênio Não Cairão Automaticamente,2025,Бразилия,драма,
264,Герой дня,2015,Россия,ток-шоу,"Дотошный ведущий рассматривает игровые экранизации популярных фильмов, мультфильмов, книг и комиксов, сравнивая их друг с другом. Зачастую для этого ему приходится самому оказываться в шкуре очередного героя дня."
265,Mistress Manager,2025,США,драма,
266,Полицейская камера,2018,США,"документальный, криминал",
267,The World's Strongest Man,1977,"Великобритания, США","боевик, спорт",
268,Варвара не летает,2025,Россия,"детектив, мелодрама",
269,Кулинарная битва,2025,Россия,"ток-шоу, реальное ТВ",
270,David Blaine: Do Not Attempt,2025,США,документальный,
271,Eddie: Strongman,2015,Великобритания,документальный,
272,Shutter Island: Into the Lighthouse,2010,США,"документальный, короткометражка",
273,98-я церемония вручения премии «Оскар»,2026,США,церемония,
274,83-я церемония вручения премии «Золотой глобус»,2026,США,"церемония, концерт",
275,Сильнее,2021,Россия,"короткометражка, драма","Болеющая депрессивным расстройством двадцатисемилетняя Василиса, осознавая своё состояние, борется с болезнью, но боится оставаться одна. Она пытается отпустить своего бывшего молодого человека — Диму, который тоже болеет депрессией и пользуется её состоянием."
276,Sacred Alaska,2023,США,документальный,
277,Yesterday the Eye Didn't Sleep,2025,"Палестина, Ливан, Бельгия",драма,
278,Я не люблю людей,2023,Россия,"короткометражка, драма, музыка",Участники группы «Радиопомехи» борются с ненавистью к людям перед работой.
279,Santocielo,2023,Италия,комедия,
280,Пятно,2021,Россия,"триллер, ужасы","Алексей переезжает в Москву в надежде начать новую жизнь. Он находит квартиру с подозрительно низкой арендной платой и вселяется, несмотря на потрёпанный интерьер. Вскоре он замечает необычное пятно на стене. С каждым часом оно увеличивается, а в квартире начинают твориться необъяснимые вещи."
281,Mort sur terre battue,2025,"Франция, Бельгия",криминал,
282,Taylor Swift: The Eras Tour - The Final Show,2025,"США, Великобритания","документальный, музыка",
283,"Liban, les secrets du royaume de Byblos",2025,Франция,документальный,
284,Jone Batzuetan,2025,Испания,мелодрама,
285,Il Vangelo di Giuda,2025,"Италия, Польша",драма,
286,Siena,2025,Литва,драма,
287,Человек на все руки,2025,"Польша, Великобритания",драма,
288,Гульбара,2025,Кыргызстан,"короткометражка, документальный, биография","Рассказ о кыргызском киноведе Гульбаре Толомушовой: архивные материалы и комментарии, кадры с XII Форума Молодого кино «Умут», интервью коллег-кинематографистов и современников."
289,Lazarus Heroification,2025,Индия,драма,
290,Счастье после родов,2025,Швеция,драма,
291,Woman to Woman,2025,США,"триллер, драма, криминал",
292,The Letter,2025,Аргентина,"драма, комедия",
293,Leopardi&Co.,2025,Италия,"мелодрама, комедия",
294,Мой друг – убийца,2025,Корея Южная,"комедия, боевик",Разыскиваемый убийца прячется в глухой деревне в ожидании истечения срока давности своего преступления.
295,Если долго идти навстречу,2025,Россия,драма,"Отец и сын каждое лето проводят в деревне Истцы, где сплавляются по местной речке Истье. Они проделывали это несколько лет подряд, но на этот раз события выбиваются из привычного порядка вещей: безобидное приключение оборачивается настоящей катастрофой. Спустя годы после случившегося уже повзрослевший сын вспоминает своего отца через призму прошедших лет."
296,The Last Woman Who Lived Here,2025,Канада,триллер,
297,Surviving My Father: The Rachel Jeffs Story,2025,США,драма,
298,Цинтун и Куйхуа,2025,Китай,драма,"Потеряв в жизни всё, девочка обретает семью."
299,Ренцо Пьяно и кинотеатр будущего,2025,"Швейцария, Франция",документальный,"История реконструкции парижского кинотеатра итальянским архитектором Ренцо Пьяно и людьми, влюблёнными в свое дело."
300,Развод,2025,Филиппины,"драма, мелодрама",
301,Балейн 3,2025,"Португалия, Франция",документальный,"Балейн 3 — район города Иньямбане на юге Мозамбика. Люди, живущие здесь, работают рыбаками, мясниками или мойщиками машин. Они ходят в школу, поликлинику, парикмахерскую и на рынок, а по вечерам пьют и танцуют, говорят о политике, болезнях, дружбе, любви."
302,Love by Chance Again,2025,Великобритания,мелодрама,
303,Великая история западной философии,2025,Мексика,"мультфильм, комедия","Центральный комитет Народной Республики нанимает космического аниматора для создания философского фильма под неусыпным оком председателя Мао. Недовольный увиденным в самом начале работы, он приговаривает аниматора к смерти. Но не стоит волноваться: приговор не вступил в силу. Его отменили царь обезьян и Чжу Бацзе из классического китайского романа «Путешествие на Запад»."
304,Аба и его группа,2025,Бразилия,"мультфильм, мюзикл, приключения","После ссоры с отцом юный принц отправляется на музыкальный фестиваль, чтобы помешать планам своего дяди нанести непоправимый вред окружающей среде."
305,Чужая,2025,Канада,ужасы,
306,Любовь (снова) любовь,2025,Нидерланды,"документальный, биография","Пережив тяжёлую депрессию, успешный голландский видеохудожник Йерун Койиманс с помощью 30-летнего архива любительских съемок рассказывает о своей жизни и семье."
307,К большому морю,2025,Китай,драма,"Тяжело переживая смерть отца, парень отправляется на юг, чтобы работать на заводе в Шэньчжэне."
308,Zweitland,2025,"Германия, Италия, Австрия",драма,
309,По ту сторону ночи,2025,Австралия,"ужасы, триллер","1988 год. Исследователи паранормальных явлений Мик Сазерленд и Арчи Чарльзуорт специализируются на изучении необъяснимых явлений в Северной Европе. Отчаянный крик о помощи приводит их в уединённый дом Элизабет Блэр, где они сталкиваются с чем-то, чего никогда раньше не видели. В течение семи дней нечто начинает разрушать их рассудок, искажая восприятие реальности и угрожая разрушить всё."
310,Изумрудное озеро,2025,Китай,драма,"После смерти жены пожилой мужчина хочет начать новую жизнь, но разногласия с дочерьми вынуждают его признать, что он слишком часто отсутствовал и не выполнял отцовских обязанностей. Когда старые конфликты вспыхивают с новой силой, он пытается найти способ воссоединить распавшуюся семью."
311,Овсянка для чемпионов,2025,"Великобритания, Австралия",документальный,
312,На алгоритм уповаем,2025,"Турция, Германия",драма,"В поисках славы и успеха Лили, не сумевшая добиться популярности на YouTube, попадает в секту, которая исповедует культ Всемогущего Алгоритма. Она действует под видом нового приложения для социальных сетей, в котором пользователи создают видеоконтент с помощью смарт-очков."
313,Маленькое путешествие,2025,Индия,драма,"В чужих краях далеко от дома супруги Балу и Стефи изо всех сил пытаются удержаться на плаву. Напряжённая работа и неуёмная энергия маленького сына Джаппу с синдромом дефицита внимания и гиперактивности превращают каждый их день в борьбу, почти не оставляя сил для отдыха, терпения или мечты. Однажды они знакомятся с отчаянно ищущим работу Амиром, жизнь которого может оборваться в любой момент."
314,Танец впустую,2025,Китай,драма,"Манки долгое время работала за кулисами в театре, едва сводя концы с концами. В 2020 году её парень Лео покончил с собой. Она постоянно думает о нём, он не выходит у неё из головы, доводя до изнеможения. Но когда она рассказывает друзьям о своём состоянии, те лишь отвечают: «Скажи спасибо, тебе и так повезло»."
315,Иностранка,2025,Пуэрто Рико,драма,"Чтобы избежать возможной причастности к коррупционному скандалу, в котором замешан её отец, пуэрто-риканка вынуждена отправиться на Тайвань к своей матери, с которой давно оборвала все связи. Вскоре девушка понимает, что настоящий конфликт у неё не с кем-нибудь, а с самой собой."
316,Остров,2025,Италия,"триллер, драма","Оказавшись на далёком острове вместе с престарелым и недееспособным мужем, женщина вступает в странные отношения с его сиделкой."
317,Последний удар,2025,"Италия, Словения","триллер, драма, комедия","Брат и сестра живут за чертой бедности и уже привыкли к этому, но пронизывающий холод деревни с её немногочисленными жителями начинает сказываться и на них. Исчезновение собаки по кличке Марлоу, за поимку которой назначено щедрое вознаграждение, даёт им больше надежд, чем все их повседневные затеи, законные и не очень."
318,Jangan Panggil Mama Kafir,2025,Индонезия,драма,
319,Когда сбежала кошка,2025,Египет,"комедия, криминал",
320,"Paalam, salamat",2025,Филиппины,драма,
321,O Pátio da Saudade,2025,Португалия,комедия,
322,Ягодка,2025,Аргентина,драма,"В долине на севере Аргентины цветёт местная «трава любви» — мунья-мунья. 60-летняя медсестра Ольга готовится проститься с единственным сыном, который вскоре собирается покинуть страну. Она случайно знакомится со Стефано, французским туристом моложе её. Их неожиданная связь пробуждает в ней давно забытые чувства."
323,Это личное,2025,Индия,драма,"Молодая женщина из Малаппурама, штат Керала, сбегает от обеспеченной жизни в браке по расчёту в поисках себя, но оказывается в незнакомом и опасном месте в Карнатаке. Одинокий пожилой мужчина предлагает ей приют в своём доме. У них складываются доверительные отношения, и она начинает понимать реальные причины его тихого одиночества. Тронутая упорством и решимостью мужчины, женщина хочет помочь ему осуществить задуманное, и на старом грузовике они вместе отправляются в сложный, полный препятствий путь для завершения важных дел и обретения своего места в мире."
324,"Я, Франкельда",2025,Мексика,"мультфильм, мюзикл, фэнтези, семейный",
325,Рыбка на крючке,2025,"Иран, Таджикистан","драма, приключения","Далер, десятилетний воспитанник школы-интерната, вместе с игроманом Самадом отправляется на поиски своей матери Хуршеды."
326,Не стоит выходить из окна,2025,Россия,короткометражка,"В блокадном Ленинграде писатель-абсурдист Даниил Хармс, доживающий последние дни в палате психиатрической больницы, отчаянно пытается спастись в мире собственных фантазий. Но суровая реальность голода и смерти неумолимо возвращает его обратно."
327,Главное – верить,2025,Бразилия,комедия,"В конце двадцатилетнего срока во главе прихода, в котором долгов было больше, чем прихожан, отец Стив проводит свадебную церемонию своей школьной возлюбленной Изабель. Однако жених сбегает, и Изабель оказывается негде жить. Стив предлагает ей поселиться в церкви, но с одним условием: там разрешено жить только монахиням. Это святое деяние вскоре пробуждает старые чувства, а Стиву приходится выбирать между клятвой, данной Богу, и своим сердцем."
328,Волосы моей дочери,2025,Иран,драма,"Раха изучает анимацию в университете. В тот момент, когда ей нужно сдавать учебную работу, у неё крадут ноутбук. Чтобы купить новый, ей приходится обрезать свои длинные волосы и продать их. На вырученные деньги её отец Тохид покупает подержанный ноутбук, и это оборачивается большой неприятностью, потому что свои права на вещь заявляет состоятельная семья."
329,Ресторанчик Ки Нам,2025,Вьетнам,"драма, мелодрама","Сайгон, 1985 год. Молодой переводчик Кханг, делающий карьеру при новом вьетнамском режиме, получает задание перевести сказочную повесть «Маленький принц». Его жизнь кажется благополучной, но всё меняется, когда он знакомится со своей соседкой, замкнутой вдовой Ки Нам."
330,Белый снег,2025,Индия,драма,"Вместе со своим яком Рири и старым телевизором мать отправляется в путь через гималайские вершины Кашмира, чтобы показать запрещённый фанатиками и властями фильм своего сына."
331,Sun Ra: Вспышка сверхджазовой,2025,США,"документальный, биография, музыка",
332,Гора влюбленных,2025,Россия,драма,Юные Саид и Ясмина поклялись друг другу в вечной любви на символичной для них горе. Однако судьба на долгие годы разъединила их.
333,Новак,2025,"Греция, Швейцария, Индия","фантастика, драма","Нейробиолога-отшельника вовлекают в секту, члены которой убеждены, что его давние исследования — единственный путь к избавлению от вредного электромагнитного излучения. По мере того, как их замысел рушится, разум учёного всё сильнее теряет связь с реальностью."
334,Missing Face,2025,Индия,триллер,
335,Кошка в мышеловке,2025,США,триллер,"Женщина приходит в себя с жуткой раной и понимает, что находится в мчащемся куда-то трейлере. Водитель говорит, что у них есть всего час, чтобы добраться до врача, а в противном случае её ждёт страшная участь."
336,В пропасть,2025,Аргентина,"триллер, драма","Аргентина, 1977 год. 37-летняя Джина тщетно мечтает родить ребёнка своему мужу, 58-летнему Карлосу. Он — влиятельный бизнесмен, замешанный в сомнительных сделках с военными в период диктатуры. Чтобы отвлечься от переживаний из-за невозможности стать матерью, Джина, будучи когда-то чемпионкой по конному спорту, занимается верховой ездой и влюбляется в конюха из своего клуба, однако вскоре понимает, что это не поможет ей залечить душевные раны. Неожиданно Джина узнаёт, что военные похитили её лучшую подругу, и решает обратиться за помощью к капитану из ближайшего окружения мужа, не подозревая о том, какими неприятностями ей это грозит."
337,Страна грёз,2025,Иран,мультфильм,Мальчик по имени Арат решает спасти свой город от разрушения. Его помощниками становятся умный и веселый друг Паша и смышлёная девочка Тамара.
338,Winterset,2025,США,"боевик, драма, криминал",
339,Улитка,2025,Румыния,драма,"Готовясь к съёмкам нового фильма, режиссёр тщетно пытается найти в себе силы, чтобы начать работу. Он погружается в воспоминания о своей молодости, когда неожиданно возникшая идея вдохновляла его на творчество. На помощь приходит самый близкий человек — жена, которая любит его и знает, как вернуть мужу уверенность в себе."
340,Безымянные птицы,2025,Япония,драма,"Пытаясь вырваться из жёстких рамок своей повседневной реальности, Рин Такахаси оказывается на концерте Мидори Сасаки, где неожиданно получает предложение руки и сердца от китайского художника Буляна Чжао, что выбивает её из колеи. Эта короткая встреча обнажает все уязвимости и их творческие порывы, но, открыв друг другу свои сердца, каждый из них идёт своим путём."
341,Постправда,2025,Турция,документальный,"Алкан Авджиоглу исследует отношения людей с техническими новшествами и пытается понять, как человечество оказалось в мире, где факты больше не имеют значения."
342,Сосед,2024,Россия,"короткометражка, комедия, драма, триллер","Однажды утром в квартире, где проживают два друга, появляется неожиданный сосед."
343,Sweet Dreams,2025,Индия,мелодрама,
344,Ölü Kontesin Laneti,2025,Турция,триллер,
345,Стая – стимпанк-версия,2025,Бразилия,"мультфильм, боевик","Полузасушливый регион на северо-востоке Бразилии. Правительственные войска, известные своей жестокостью Volante, вторгаются в лагерь преступников под предводительством легендарного Капитана. По приказу безжалостного Шотгана солдаты убивают Капитана и его спутницу Марию. На противоположном берегу реки другая бандитская группировка, во главе с авторитетом Нью-Муном, наблюдает за кровавой бойней. В этот момент Нью-Мун клянется отомстить, несмотря на то, что его отряд также оказывается под прицелом Volante."
346,Видения,2025,Япония,мультфильм,"Воспоминания отдельных людей, охватывающие как прошлое, так и будущее, приводят к трансформации их тел в новые сущности."
347,Begyndelser,2025,"Дания, Швеция, Бельгия, Исландия",драма,
348,Солнце упало и покатилось,2025,Россия,"короткометражка, драма","Глухой мальчик обретает голос, переживая первую трагедию. Радостное событие переплетается с болезненным опытом, любовь — с обидой."
349,Landkrimi: Steirerstich,2025,Австрия,криминал,
350,Театр в кино: Принцесса цирка,2026,Россия,"мюзикл, мелодрама, комедия, музыка","Начало XX века, Париж. Мистер Икс — загадочный артист цирка, которого никто не видел без маски, — будоражит сердца и вызывает волну слухов в парижском обществе. Красавица Теодора — молодая богатая вдова, к ногам которой готов упасть весь высший свет. Чтобы завоевать сердце блистательной светской дамы, недостаточно одного лишь циркового таланта. Да и нужна ли её любовь тому, кто избрал одиночество и решил навсегда скрыть лицо под маской."
351,Hôtel psychiatrique,2011,Франция,"короткометражка, драма",
352,Flirt,2005,Франция,"короткометражка, фэнтези",
353,Dance with Me to the End of Love,2004,"Гонконг, Корея Южная","короткометражка, фантастика, мелодрама",
354,Баран и коза,2009,Казахстан,"мультфильм, короткометражка",
355,Blues Odyssey,2003,США,"документальный, музыка",
356,Папаши,2024,Россия,комедия,"Шоу, в котором комики обсуждают отцовство."
357,Проклятие,2025,"Япония, Тайвань",ужасы,
358,Берлинский герой,2025,Германия,"драма, комедия","Жизнь владельца убыточного видеопроката Михаэля Хартунга меняется, когда амбициозный журналист предъявляет ему результаты расследования: много лет назад, работая на железной дороге, Рейхсбане, Михаэль якобы организовал самый крупный массовый побег из ГДР.
Соблазнённый щедрым гонораром, Михаэль подтверждает историю, хотя правда в ней лишь частична. Неожиданно он становится национальным героем: интервью, ток-шоу, выступление в Бундестаге. Чем ярче сияние славы, тем страшнее цена разоблачения — и Михаэль готов врать дальше, чтобы не потерять признание общественности, а главное — любовь и уважение близких."
359,Relative Danger,2025,Канада,триллер,
360,Мульт в кино. Выпуск №194. Весенний переполох.,2026,Россия,"мультфильм, фэнтези, детский, приключения","Волшебная робо-щука исполняет желания Ми-ми-мишек, Хозяин кухни готовит блюдо по секретному рецепту, а Сказочный патруль ждёт очередное опасное приключение."
361,Дуэты,2021,Россия,"музыка, реальное ТВ","Знаменитости в паре исполняют популярные песни — правда, они не знают, с кем в дуэте выступают."
362,Федералы,2023,США,"документальный, криминал","Взгляд за кулисы работы ФБР — агенты, информаторы, жертвы — и расследования реальных дел: похищение детей в Иллинойсе, врачи-преступники во Флориде, ограбление ювелирного магазина на несколько миллионов долларов и предотвращение террористической атаки. Сложные моральные выборы, повседневная опасность и предельная ответственность тех, кто стоит на страже закона."
363,Tippi Hedren und die wilden Tiere,2022,Германия,"документальный, биография",
364,El masri effendi,1949,Египет,"драма, комедия",
365,Gawaher,1949,Египет,,
366,Стоит подождать,2025,"США, Канада","драма, мелодрама, комедия",
367,Физкульт-приват,2025,Россия,"короткометражка, драма, комедия","Физрук Кирилл Александрович в школьном спортзале готовится свести счёты с жизнью, когда его внезапно прерывает десятиклассник Миша, пришедший «сдать долги по физкультуре». Постепенно между ними завязывается странная игра: от зачётов и «весёлых стартов» до неожиданного дружеского сближения, которое возвращает обоим вкус к жизни."
368,короче,2025,Россия,короткометражка,Размышления о российской киноиндустрии.
369,Письма из похода к Цусиме,2025,Россия,"документальный, история, военный",
370,Другие,2025,Индия,"боевик, триллер, криминал","Полицейский Мадхав расследует необъяснимые проблемы со здоровьем у детей, которые были зачаты с помощью экстракорпорального оплодотворения. Мадхав раскрывает тёмный заговор, связанный с незаконным применением стероидов, таинственными донорами и коррумпированными клиниками по лечению бесплодия."
371,10,2025,Россия,"короткометражка, ужасы, триллер, драма",
372,Carmen and Magic,2025,США,триллер,
373,Don't Let Me Die,2025,"Румыния, Болгария, Франция","ужасы, драма, детектив",
374,КОДА,2025,Россия,"короткометражка, документальный","Амбициозная группа старшеклассников под руководством педагога-мультиинструменталиста стремится стать рок-звёздами, но взросление и новая реальность развеивают иллюзии. Их учитель, Николай, помогает ребятам сделать первые шаги в музыке. Перед молодыми людьми на пороге совершеннолетия стоит непростая задача: сохранить мечту и не потерять надежду под давлением жизненных обстоятельств."
375,Bunny Killer,2025,США,ужасы,
376,I'm Chevy Chase and You're Not,2025,США,"документальный, биография",
377,Калифорнийская афера,2025,"Великобритания, США","драма, биография, история, музыка",
378,Four Pills,2025,США,комедия,
379,Christmas North of Nashville,2025,США,мелодрама,
380,Nachtvlinders,2025,Бельгия,"триллер, криминал",
381,Приключения Титили и Типати,2025,Россия,"мультфильм, короткометражка, фэнтези, приключения, детский","Братья Титили и Типати работают в магической мастерской «Тинкер Тэйл», где чинят волшебные предметы, путешествуя по мирам внутри них. Босс их недолюбливает, но оптимизм и наивность братьев помогает им этого не замечать. Однажды они узнают, что являются лишь героями сказок, и решают найти своего создателя."
382,After Life Crisis,2025,США,"драма, комедия",
383,Кайлас,2025,Кипр,"короткометражка, документальный",
384,Trapped,2025,Великобритания,триллер,
385,Рождественский роман на родео,2025,Канада,"драма, мелодрама","Наездница родео Эмма вынуждена во время рождественских каникул присматривать за ранчо своего друга, одновременно ухаживая за травмированной лошадью. Там она знакомится Ноэлом, братом друга и молчаливым боевым ветераном."
386,Pike River,2025,Новая Зеландия,"триллер, драма, биография",
387,Ариель,2025,"Испания, Португалия","фэнтези, драма",
388,Boa,2025,"Канада, Франция",короткометражка,
389,Снег,2025,Россия,короткометражка,"1942 год, Великая Отечественная война. Столичная артистка Татьяна Петровна с дочерью эвакуируется в провинциальный городок и поселяется в доме старика Потапова, который вскоре умирает. Дом становится центром памяти и уюта — в нем остаются старый кот Архип и рояль. С фронта приезжает сын Потапова в надежде повидаться с отцом. Дом словно хранит в себе жизнь и историю своих обитателей на фоне суровых военных лет."
390,Столица Пенджаба,2025,Индия,"боевик, драма, криминал",
391,Шалости,2025,Канада,комедия,
392,Situations,2025,США,"драма, комедия",
393,Venus DIE-Trap,2025,США,фантастика,
394,Where Darkness Dwells,2025,США,"ужасы, триллер",
395,Лейла,2025,Индия,"боевик, драма, мелодрама, комедия",
396,Герой для Кобуса,2025,"ЮАР, США","приключения, семейный","О проблемном подростке Августе, который, оказавшись в приемной семье, находит брошенное страусиное яйцо и начинает воспитывать необычного друга по имени Кобус. Когда их разлучают, Август готов рискнуть всем, чтобы вернуть того, кто стал для него настоящей семьей."
397,Anna Kiri,2025,Канада,драма,
398,The Christmas Mixer,2025,Канада,мелодрама,
399,Christmas at Mistletoe Hall,2025,Канада,мелодрама,
400,Присутствие,2025,Россия,короткометражка,
401,Семена,2025,"Колумбия, Испания",драма,"Девочка Шайра отправляется на поиски мифических семян, которые, по легенде, способны вернуть дождь. Путешествие становится для нее способом прожить утрату и сохранить надежду."
402,Маэстро Максим,2025,Россия,короткометражка,О талантливом и неординарном шеф-поваре — Максиме Сухареве.
403,Послание,2025,Россия,"короткометражка, триллер",
404,Проект Антоновка,2025,Россия,"короткометражка, драма, фэнтези",О засекреченном советском проекте 1960-х годов по созданию эликсира вечной молодости на основе старинного сорта яблок «Антоновка».
405,The Lizzie Borden Game,2025,США,ужасы,
406,Voor de meisjes,2025,"Нидерланды, Австрия, Бельгия","триллер, драма",
407,Квантовое превосходство,2025,США,"фантастика, боевик, приключения","Из-за квантового сбоя технологии и ИИ вышли из-под контроля. Капитан Монро и экипаж его звездолета, осуществляющие рутинное патрулирование, оказываются единственными, кто может предотвратить квантовый апокалипсис. Но чтобы спасти человечество, команде придётся не просто сражаться, им надо понять парадоксальную логику нового врага и найти ключ к спасению Галактики."
408,Детей больше нет: Были и пропали,2025,"США, Израиль, Великобритания","документальный, короткометражка",
409,Реабилитация,2025,Россия,"короткометражка, драма","На первой встрече детей с психологом неожиданно появляется клоун-аниматор. Аниматор, несмотря на провокации и насмешки, продолжает своё выступление. Его искренность и готовность бескорыстно помочь детям меняют ситуацию."
410,Искариот,2025,Россия,"короткометражка, боевик, драма, криминал","Похищенную сестру Наташи находят мертвой. Как опытный оперативник она выходит на людей, которые в этом замешаны. Чтобы отомстить, она участвует в перехвате крупной сделки с опытным оперативником по имени Макс. В ходе операции Наташа понимает, что жажда мести движет не только ей, но и Максом. Его истинное лицо очень отличается от того, что она успела узнать за время работы с ним."
411,Вышка: История первого авиаугона в СССР,2025,"Россия, Молдова",документальный,"29 сентября 1964 года, Молдавская ССР. Двое преступников, Георгий Караджа и Николай Гудумак, поднимаются на борт пассажирского Ан-2 в Чадыр-Лунге, чтобы угнать самолёт и сбежать в Турцию. После пяти минут полёта Георгий заходит в кабину пилотов с пистолетом, а Николай укладывает пассажиров на пол, угрожая большим разделочным ножом."
412,Timeless Love,2025,США,мелодрама,
413,The Wrong Marriage,2025,США,"драма, детектив",
414,The Wedding Party,2025,США,"драма, комедия",
415,Na druhé strane léta,2025,Чехия,драма,
416,Паделмания,2025,Россия,"короткометражка, документальный, спорт",
417,Very Merry Mystery,2025,Канада,"мелодрама, детектив",
418,At Death's Door,2025,США,ужасы,
419,Inertia,2025,США,"фантастика, драма, комедия",
420,А как правильно?,2025,Россия,драма,"Девушка, потерявшая свою красоту, обращается за помощью к местному святому. В ожидании чуда она остаётся в его доме и принимает затворничество. Собеседником девушки становится старинная икона, которая подсказывает ей, что настоящее чудо должна совершить она сама."
421,Murder in Monaco,2025,Великобритания,"документальный, криминал",
422,A Christmas Cookbook,2025,Канада,"драма, мелодрама",
423,Ali Siddiq: Mondays,2025,США,комедия,
424,Дом на колёсах,2025,Россия,"документальный, спорт","О группе молодых людей из города Кемерово, для которых скейтбординг — это неотъемлемая часть жизни."
425,Les dents de la mer - Un succès monstre,2025,Франция,документальный,
426,Отклонение,2025,США,"ужасы, фантастика, драма, комедия","Джоун Хуан, неуверенная в себе старшеклассница китайского происхождения, мечтает стать королевой выпускного, и, чтобы достичь своей цели, она решается на экспериментальную пластическую операцию."
427,Get Off My Lawn,2025,США,триллер,
428,Ali Siddiq: My Two Sons,2025,США,комедия,
429,The Decedent,2025,США,ужасы,
430,Круг женской силы,2025,Россия,"короткометражка, комедия","Три подруги собираются вечером — выпить вина, обсудить жизнь и случайно начать импровизированное расследование. Подозрение превращается в ритуал, разговор — в допрос, а вечер — в круг женской силы, из которого уже никому не выйти прежним. Особенно — мужу одной из подруг."
431,Монаниеба,2025,Россия,"короткометражка, документальный","Давид Гиоргобиани не может избавиться от тоски по преподобному Гавриилу, как по близкому человеку. Духовная высота старца остаётся его жизненным ориентиром, но эта высота недостижима. Давид утратил безмятежный покой, в котором пребывал при жизни своего старца."
432,A Royal Christmas Tail,2025,США,мелодрама,
433,Un tueur si proche - Ann Rule et Ted Bundy,2025,Франция,"документальный, криминал",
434,Сплетни,2025,Россия,"короткометражка, комедия, криминал","О двух ворах, задумавших ограбить молодую актрису."
435,Black Goat,2025,Великобритания,ужасы,
436,Fairest of Them All,2025,Великобритания,"ужасы, фэнтези",
437,Pippa et Léo,2025,Канада,"короткометражка, драма",
438,L'Étrange humeur adolescente,2025,Франция,"мультфильм, короткометражка",
439,Узник,2025,Малайзия,"боевик, триллер, криминал",
440,Красная ленточка,2025,Россия,короткометражка,Девочка Инга отправляется в лес набрать ягод к празднику жатвы. Ей придется встретиться со своими страхами лицом к лицу.
441,Arwah,2025,Индонезия,ужасы,
442,Мойры,2025,Россия,"короткометражка, драма","Четыре девушки заперты в подпольной швейной мастерской. В день рождения хозяина им выпадает случай оттуда выбраться, но по разным причинам выбирается только одна. Именно ей и предстоит переосмыслить свое представление о свободе."
443,Я — женщина,2025,Россия,короткометражка,
444,Отпуск,2025,,,
445,Slice,2025,США,ужасы,
446,Твоя очередь,2025,Россия,"короткометражка, драма, триллер","Вражда двух организаций истощила их. Главы решают встретиться в нейтральном месте и положить конец распрям. Йован и Стефан — молодые бойцы конкурирующих группировок, именно они решат судьбу многолетней вражды."
447,Depeche Mode: M,2025,"США, Мексика","документальный, музыка",
448,Ancestral Visions of the Future,2025,"Германия, Лесото, Франция, Катар, Саудовская Аравия","документальный, биография",
449,Chasing Christmas,2025,,семейный,
450,Grounded in Love,2025,США,семейный,
451,Christmas in Amish Country,2025,США,мелодрама,
452,Zycie dla poczatkujacych,2025,Польша,"ужасы, комедия",
453,Rembrandt,2025,Франция,драма,
454,Крылья Ю,2025,Россия,"короткометражка, драма, комедия","Юля за семь дней должна создать вечернее платье для подруги. В процессе она сталкивается с чередой бытовых и внутренних кризисов: долгами, поломкой машины, шумным ремонтом и навязчивыми снами о детстве. Эти события заставляют её пересмотреть собственные страхи, мечты и отношение к жизни."
455,Bachelor Santa,2025,США,мелодрама,
456,Муж и жена против будущего,2025,"Франция, Бельгия",комедия,"Мишель и Элен, счастливая супружеская пара, однажды случайно переносятся из 1958 года в современный мир, полный новых технологий и разительно отличающийся от их обыденной жизни. Супруги меняются местами, и теперь мужчина ведёт домашнее хозяйство, а его жена становится успешной работницей банка. Справиться с неожиданными переменами оказывается непросто: пока Элен наслаждается новыми возможностями, Мишель хочет как можно скорее вернуть всё на свои места."
457,A Wedding for Belle,2025,США,мелодрама,
458,Les tracances,2025,Франция,драма,
459,Два черных мальчика в раю,2025,Великобритания,"короткометражка, мультфильм",
460,Polizei,2025,Германия,драма,
461,Verano Trippin,2025,Аргентина,"драма, криминал",
462,After School,2025,Нидерланды,комедия,
463,Колхандра,2025,Россия,"документальный, короткометражка","Двенадцатилетняя Аглая мечтает снять фильм по своему собственному роману о волшебной стране Колхандра. На летних каникулах в деревне она собирает соседских детей и превращает их в любительскую съёмочную группу. Вместе они ищут локации, придумывают костюмы и вживаются в роли. Но вскоре Аглая понимает, что оживить сказку в реальности намного сложнее, чем просто её придумать."
464,Королевский роман на Ибице,2025,Великобритания,мелодрама,"После расставания с деловым партнером талантливая бизнесвумен Дилан Харпер одержима идеей следующего крупного проекта — создания роскошного оздоровительного отеля на острове Ибица для короля Эдуарда. В процессе работы она сталкивается лицом к лицу с сыном короля принцем Николасом — холостяком, у которого свои соображения по поводу реализации проекта. Дилан очаровывает принца своим профессионализмом и обаянием, и их обоих захватывают чувства."
465,В титрах не значатся,2025,Россия,комедия,Начинающие актеры впервые в жизни оказываются на съемочной площадке.
466,22 Bahnen,2025,Германия,драма,
467,Ищу девушку с голубыми глазами,2025,Россия,"детектив, мелодрама",
468,Проклятое приложение,2025,Корея Южная,ужасы,Старшеклассники из школьного клуба создают приложение для поиска призраков и таким образом пробуждают злых духов.
469,День рождения,2025,Россия,"короткометражка, семейный, драма, комедия",
470,Капитан звёздного океана,2025,Россия,документальный,"О судьбе российского писателя, издателя, славяниста и коллекционера Юрия Медведева."
471,Семейный переполох,2025,Испания,"комедия, приключения, фэнтези","Устав от семьи, которая не отрывается от телефонов, дочка Рита загадывает желание, чтобы мобильные исчезли. Но вместо этого вся семья переносится в Средневековье. Теперь, без гаджетов и технологий, им нужно полагаться на свой ум, чтобы выжить и найти путь домой."
472,On a String,2025,США,"драма, комедия, музыка",
473,Sarah Millican: Late Bloomer Live,2025,Великобритания,комедия,
474,Револьвер Рита,2025,Индия,"боевик, драма, комедия, криминал","Рита, работница предприятия быстрого питания в Пондичерри, живёт с матерью и двумя сёстрами. В канун дня рождения племянницы Риты в их дом вламывается криминальный авторитет, и в ходе ссоры мама случайно убивает его. Женщины оказываются в центре бандитской войны, и они вынуждены искать способ избавиться от тела, готовясь к празднику."
475,В поисках Ядиды,2025,Израиль,документальный,
476,El Tonto Por Cristo,2025,США,"драма, вестерн",
477,Super Happy Fun Clown,2025,США,ужасы,
478,Hundslinger Hochzeit,2025,Германия,комедия,
479,Bad Girl School,2025,США,триллер,
480,Tinggal Meninggal,2025,Индонезия,"драма, комедия",
481,Uno equis dos,2025,Испания,,
482,Поездка,2025,Индия,,"Влиятельный медиамагнат Джаядев Редди заключает тайную сделку с националистической группировкой и планирует переезд с семьёй в Лондон. Ситуация переворачивается с ног на голову, когда неизвестный хакер нацеливается на Джаядева и раскрывает сделку. Редди предстоит вычислить хакера, прежде чем тот разрушит его жизнь."
483,Восставшие из ада. Жизнь одна,2025,Россия,"короткометражка, документальный","Анна Орлеанская, бывшая наркозависимая, уже 10 лет руководит волонтерским социальным проектом «Дом матери и ребенка «Жизнь одна», который начался с трёхкомнатной квартиры, где девушки с детьми выбирались из пучины наркотической зависимости, и превратился в самостоятельный центр помощи."
484,Relentless,2025,США,"боевик, триллер",
485,Одержимость безумно влюблённого,2025,Индия,мелодрама,"Влиятельный политик Викрамадитья влюбляется в популярную актрису Аду и предлагает ей выйти замуж, но та отвергает его. Влюблённость перерастает в одержимость, и политик, претендующий на пост главного министра штата, начинает использовать свою власть, чтобы разрушить жизнь актрисы и заставить её быть с ним."
486,Butchered by Sundown,2025,США,"драма, вестерн",
487,Luiz Gonzaga: Légua Tirana,2025,Бразилия,биография,
488,Dogulu,2025,Турция,"боевик, драма",
489,Da cosa nasce cosa,2025,Италия,комедия,
490,Buffet Libre,2025,Испания,"триллер, комедия",
491,Aftershock: The Nicole P. Bell Story,2025,США,драма,
492,12 Hours in October,2025,США,драма,
493,TheatreHD: Быстрые свидания,2025,Россия,"драма, комедия, мелодрама, музыка","Мужчина и женщина на сцене. Шесть дуэтов, короткие встречи и долгие проводы: драматические, комические, безумные, тихие и нежные."
494,Пока течёт река,2025,Россия,документальный,
495,Автобус,2025,"Бельгия, Франция, Польша","короткометражка, мультфильм",
496,A Dickens of a Christmas,2025,"Канада, США","драма, мелодрама",
497,What About Your Friends?,2025,США,драма,
498,Ruido,2025,Испания,драма,
499,Виновен,2025,Узбекистан,,
500,По велению сердца,2025,Узбекистан,драма,"Оставшись без матери, дети отправляются на поиски отца, который когда‑то их оставил. Их ждёт голод, унижения и одиночество и боль."
